id,label,rationale
95,0,"Claim 'Learning that Villefort meant to denounce him to L...' contradicted by: 'of writing in the evening what had
transpired in the morning? Do you keep a journal?”

“No, my life has been passed in frivolity; I wish to forget it myself.”

“Do you talk in your sleep?”

30275m



...'"
136,1,Consistent with canon.
59,1,Consistent with canon.
60,0,"Claim 'First rescue: in 1852 an avalanche buried a silver...' contradicted by: 'break. The horses advanced at a brisk
pace among the tufts of ""paja-brava,"" a kind of grass that serves the
Indians as a shelter during the storms.]

Early in the afternoon, the first traces of animal...'"
124,0,"Claim 'On the Marseille quay he noticed young Caderousse ...' contradicted by: 'hest in the hold, which you shall
have tomorrow. But, hush, here comes somebody.”

“’Tis Caderousse, who has heard of your arrival, and no doubt comes to
congratulate you on your fortunate return.”

“...'"
111,1,Consistent with canon.
135,1,Consistent with canon.
27,1,Consistent with canon.
110,1,Consistent with canon.
42,1,Consistent with canon.
56,1,Consistent with canon.
80,1,Consistent with canon.
28,0,"Claim 'The mate of the merchant Emerald Bird took him on ...' contradicted by: 'tory merited _entire_ confidence. This unexpected
meeting might be suspicious. To be sure, Ayrton had mentioned facts and
dates that agreed, and striking particulars. But details, however exact
they m...'"
101,1,Consistent with canon.
91,0,"Claim 'Working directly for Fouché, he organised the assa...' contradicted by: ' and his intellect is exhausted by
reflecting on them. You will find very few persons who will go and
brutally thrust a knife in the heart of a fellow-creature, or will
administer to him, in order to ...'"
24,1,Consistent with canon.
119,1,Consistent with canon.
93,1,Consistent with canon.
72,1,Consistent with canon.
16,1,Consistent with canon.
30,1,Consistent with canon.
97,0,"Claim '**Poison Mastery**: Knowledge gathered while exper...' contradicted by: 'y a dressing-gown; it is intolerable always to
be in a coat and boots! And what a coat, sir, for a prince of the
Cavalcanti!”

The keeper turned his back, and shrugged his shoulders; he did not even
l...'"
22,0,"Claim 'He secretly helped anti-colonial groups ferry medi...' contradicted by: 'he comparative richness or poverty of the soil here,
there, and elsewhere, which in their summarized and aggregate form have
greatly helped to a correct knowledge of the comparative and absolute
gold-...'"
53,0,"Claim 'While gentling Thaouka they plunged off a cliff; b...' contradicted by: 'ut indistinctly. How we loved
him, my lord! Well, I think one must be very young to love his father
well.""

""And old to reverence him, my child,"" replied Glenarvan, quite moved by
the words that came ...'"
58,1,Consistent with canon.
81,1,Consistent with canon.
47,1,Consistent with canon.
7,1,Consistent with canon.
121,0,"Claim 'Aboard the prison transport he met Edmond Dantès’ ...' contradicted by: 'ailer advanced; Dantès appeared not to perceive him. He touched him on
the shoulder. Edmond started.

“Have you not slept?” said the jailer.

“I do not know,” replied Dantès. The jailer stared.

“Are ...'"
129,0,"Claim 'He learnt to carve fish-bone pen-nibs from an old ...' contradicted by: ' write. The priest had a writing teacher at Rome make
three alphabets—one large, one middling, and one small; and pointed out
to him that by the help of a sharp instrument he could trace the
letters o...'"
51,0,"Claim 'Horse-thieves attacked; the old shepherd died shie...' contradicted by: 'of the red
wolves. A few moments more, and the whole drove would rush into the
inclosure.

[Illustration]

Thalcave discharged his carbine for the last time, stretched out one
more of their enemies, a...'"
127,1,Consistent with canon.
133,1,Consistent with canon.
52,1,Consistent with canon.
114,1,Consistent with canon.
2,0,"Claim 'Caught secretly studying Latin in the church schoo...' contradicted by: ' was
a Portuguese! It is Portuguese that you have been studying for six
weeks.""

""Camoëns! Lusiad! Portuguese!""

Paganel could say no more. His eyes wandered, while a peal of Homeric
laughter rang in ...'"
33,0,"Claim 'He volunteered for Captain Grant’s crew chiefly to...' contradicted by: 'TWO YEARS OF SLAVERY.]

The quartermaster now told the story of the Britannia and her voyage
across the Pacific. During the period of a year Harry Grant landed
at the principal ports of Oceanica, oppo...'"
15,1,Consistent with canon.
82,1,Consistent with canon.
37,0,"Claim 'Tom Ayrton was born near Exeter to a fisherman fat...' contradicted by: 'main,
if you can. Ben Joyce should see himself face to face with all his
intended victims.""

Lady Helena yielded to this request, and Mary Grant and she took their
places beside him, while around them...'"
3,0,"Claim 'After his mother died he quarrelled with his fathe...' contradicted by: 'ains of the mizen-mast and the empty casks,"" was
the reply. ""It will be a difficult, but not impossible task, for the
Macquarie's anchors are small. Once cast however, if they do not drag,
I shall be ...'"
103,0,"Claim 'As Napoleon climbed toward dictatorship Noirtier d...' contradicted by: 'sted him greatly, for after having perused the first
documents he turned over the leaves until he reached the deposition
respecting Edmond Dantès. There he found everything arranged in due
order,—the ...'"
94,1,Consistent with canon.
85,1,Consistent with canon.
21,0,"Claim 'The Royal Navy frigate HMS Austin, bound for Austr...' contradicted by: 'nt, I will at least guide you to the place where
his vessel was wrecked.""

""Thanks,"" replied Glenarvan.

""One question, my lord.""

""Ask it.""

""Where will you join the Duncan?""

""At Melbourne, if we do...'"
49,1,Consistent with canon.
140,1,Consistent with canon.
64,1,Consistent with canon.
131,0,"Claim 'Born in 1760 to a declining Italian noble house, h...' contradicted by: ' of Cardinal Spada, and the will so long sought
for,” replied Edmond, still incredulous.

“Yes; a thousand times, yes!”

“And who completed it as it now is?”

“I did. Aided by the remaining fragment, ...'"
61,1,Consistent with canon.
86,0,"Claim 'At first Glenarvan found him haughty and cold, yet...' contradicted by: 'ut indistinctly. How we loved
him, my lord! Well, I think one must be very young to love his father
well.""

""And old to reverence him, my child,"" replied Glenarvan, quite moved by
the words that came ...'"
38,1,Consistent with canon.
132,0,"Claim 'By eighteen he was a star student at Rome Universi...' contradicted by: 'es, and at his age, Alexander, Cæsar, and Napoleon, who have all made
some noise in the world, were quite behind him.”

“So,” continued Franz, “the hero of this history is only
two-and-twenty?”

“Scar...'"
77,1,Consistent with canon.
70,1,Consistent with canon.
115,1,Consistent with canon.
78,1,Consistent with canon.
87,1,Consistent with canon.
75,1,Consistent with canon.
44,1,Consistent with canon.
